node1,node2
AEC,MISO
AEC,SOCO
AECI,MISO
AECI,SPA
AECI,SWPP
AECI,TVA
AECI,WAUE
AVA,BPAT
AVA,CHPD
AVA,GCPD
AVA,IPCO
AVA,NWMT
AVA,PACW
AVRN,BPAT
AVRN,PACW
AZPS,CISO
AZPS,GRMA
AZPS,IID
AZPS,LDWP
AZPS,PACE
AZPS,PNM
AZPS,SRP
AZPS,TEPC
AZPS,WACM
AZPS,WALC
BANC,BPAT
BANC,CISO
BANC,TIDC
BPAT,AVA
BPAT,AVRN
BPAT,BANC
BPAT,BCHA
BPAT,CHPD
BPAT,CISO
BPAT,DOPD
BPAT,GCPD
BPAT,GRID
BPAT,IPCO
BPAT,LDWP
BPAT,NEVP
BPAT,NWMT
BPAT,PACW
BPAT,PGE
BPAT,PSEI
BPAT,SCL
BPAT,TPWR
CHPD,AVA
CHPD,BPAT
CHPD,DOPD
CHPD,PSEI
CISO,AZPS
CISO,BANC
CISO,BPAT
CISO,CEN
CISO,CFE
CISO,IID
CISO,LDWP
CISO,NEVP
CISO,PACW
CISO,SRP
CISO,TIDC
CISO,WALC
CPLE,DUK
CPLE,PJM
CPLE,SC
CPLE,SCEG
CPLE,YAD
CPLW,DUK
CPLW,PJM
CPLW,TVA
DEAA,SRP
DOPD,BPAT
DOPD,CHPD
DUK,CPLE
DUK,CPLW
DUK,PJM
DUK,SC
DUK,SCEG
DUK,SEPA
DUK,SOCO
DUK,TVA
DUK,YAD
EEI,LGEE
EEI,MISO
EEI,TVA
EPE,PNM
EPE,SWPP
EPE,TEPC
ERCO,CEN
ERCO,CFE
ERCO,SWPP
FMPP,FPC
FMPP,FPL
FMPP,JEA
FMPP,TEC
FPC,FMPP
FPC,FPL
FPC,GVL
FPC,NSB
FPC,SEC
FPC,SOCO
FPC,TAL
FPC,TEC
FPL,FMPP
FPL,FPC
FPL,GVL
FPL,HST
FPL,JEA
FPL,NSB
FPL,SEC
FPL,SOCO
FPL,TEC
GCPD,AVA
GCPD,BPAT
GCPD,PACW
GCPD,PSEI
GLHB,LGEE
GLHB,MISO
GRID,BPAT
GRID,PNM
GRID,SRP
GRID,WALC
GRIF,WALC
GRMA,AZPS
GVL,FPC
GVL,FPL
GWA,NWMT
HGMA,SRP
HST,FPL
IID,AZPS
IID,CISO
IID,WALC
IPCO,AVA
IPCO,BPAT
IPCO,NEVP
IPCO,NWMT
IPCO,PACE
IPCO,PACW
ISNE,HQT
ISNE,NBSO
ISNE,NYIS
JEA,FMPP
JEA,FPL
JEA,SEC
LDWP,AZPS
LDWP,BPAT
LDWP,CISO
LDWP,NEVP
LDWP,PACE
LDWP,WALC
LGEE,EEI
LGEE,GLHB
LGEE,MISO
LGEE,OVEC
LGEE,PJM
LGEE,TVA
MISO,AEC
MISO,AECI
MISO,EEI
MISO,GLHB
MISO,IESO
MISO,LGEE
MISO,MHEB
MISO,PJM
MISO,SOCO
MISO,SPA
MISO,SWPP
MISO,TVA
MISO,WAUE
NEVP,BPAT
NEVP,CISO
NEVP,IPCO
NEVP,LDWP
NEVP,PACE
NEVP,WALC
NSB,FPC
NSB,FPL
NWMT,AESO
NWMT,AVA
NWMT,BPAT
NWMT,GWA
NWMT,IPCO
NWMT,PACE
NWMT,WAUW
NWMT,WWA
NYIS,HQT
NYIS,IESO
NYIS,ISNE
NYIS,PJM
OVEC,LGEE
OVEC,PJM
PACE,AZPS
PACE,IPCO
PACE,LDWP
PACE,NEVP
PACE,NWMT
PACE,PACW
PACE,WACM
PACW,AVA
PACW,AVRN
PACW,BPAT
PACW,CISO
PACW,GCPD
PACW,IPCO
PACW,PACE
PACW,PGE
PGE,BPAT
PGE,PACW
PJM,CPLE
PJM,CPLW
PJM,DUK
PJM,LGEE
PJM,MISO
PJM,NYIS
PJM,OVEC
PJM,TVA
PNM,AZPS
PNM,EPE
PNM,GRID
PNM,PSCO
PNM,SRP
PNM,SWPP
PNM,TEPC
PNM,WACM
PSCO,PNM
PSCO,SWPP
PSCO,WACM
PSEI,BPAT
PSEI,CHPD
PSEI,GCPD
PSEI,SCL
PSEI,TPWR
SC,CPLE
SC,DUK
SC,SCEG
SC,SEPA
SC,SOCO
SCEG,CPLE
SCEG,DUK
SCEG,SC
SCEG,SEPA
SCEG,SOCO
SCL,BPAT
SCL,PSEI
SEC,FPC
SEC,FPL
SEC,JEA
SEC,TEC
SEPA,DUK
SEPA,SC
SEPA,SCEG
SEPA,SOCO
SOCO,AEC
SOCO,DUK
SOCO,FPC
SOCO,FPL
SOCO,MISO
SOCO,SC
SOCO,SCEG
SOCO,SEPA
SOCO,TAL
SOCO,TVA
SPA,AECI
SPA,MISO
SPA,SWPP
SRP,AZPS
SRP,CISO
SRP,DEAA
SRP,GRID
SRP,HGMA
SRP,PNM
SRP,TEPC
SRP,WALC
SWPP,AECI
SWPP,EPE
SWPP,ERCO
SWPP,MISO
SWPP,PNM
SWPP,PSCO
SWPP,SPA
SWPP,SPC
SWPP,WACM
SWPP,WAUE
SWPP,WAUW
TAL,FPC
TAL,SOCO
TEC,FMPP
TEC,FPC
TEC,FPL
TEC,SEC
TEPC,AZPS
TEPC,EPE
TEPC,PNM
TEPC,SRP
TEPC,WALC
TIDC,BANC
TIDC,CISO
TPWR,BPAT
TPWR,PSEI
TVA,AECI
TVA,CPLW
TVA,DUK
TVA,EEI
TVA,LGEE
TVA,MISO
TVA,PJM
TVA,SOCO
WACM,AZPS
WACM,PACE
WACM,PNM
WACM,PSCO
WACM,SWPP
WACM,WALC
WACM,WAUE
WACM,WAUW
WALC,AZPS
WALC,CISO
WALC,GRID
WALC,GRIF
WALC,IID
WALC,LDWP
WALC,NEVP
WALC,SRP
WALC,TEPC
WALC,WACM
WAUE,AECI
WAUE,MISO
WAUE,SWPP
WAUE,WACM
WAUE,WAUW
WAUW,NWMT
WAUW,SWPP
WAUW,WACM
WAUW,WAUE
WWA,NWMT
YAD,CPLE
YAD,DUK
