ba_code,ba_name,lat,lng,time_zone
SPA,Southwestern Power Administration,35.99926758,-92.59483337,Central
SWPP,Southwest Power Pool,37.76205826,-98.82958984,Central
AECI,"Associated Electric Cooperative, Inc.",38.41243362,-92.40667725,Central
EEI,"Electric Energy, Inc.",37.62242126,-88.87232971,Central
LGEE,LG&E and KU Services Company as agent for Louisville Gas and Electric Company and Kentucky Utilities Company,37.62242126,-85.08823395,Eastern
MISO,"Midcontinent Independent System Operator, Inc.",41.53401566,-91.80770111,Eastern
GLHB,GridLiance,37.62242126,-88.87232971,Central
BANC,Balancing Authority of Northern California,39.24000931,-121.7317276,Pacific
CISO,California Independent System Operator,36.94374084,-119.5340347,Pacific
IID,Imperial Irrigation District,33.23143768,-115.5599213,Pacific
LDWP,Los Angeles Department of Water and Power,35.69054913,-117.6716768,Pacific
TIDC,Turlock Irrigation District,37.76968384,-121.131012,Pacific
FMPP,Florida Municipal Power Pool,28.17955399,-81.3549118,Eastern
FPC,"Duke Energy Florida, Inc.",29.23730278,-81.80758667,Eastern
FPL,Florida Power & Light Co.,27.0802021,-81.07209778,Eastern
GVL,Gainesville Regional Utilities,29.82665443,-82.58346558,Eastern
HST,City of Homestead,25.47938919,-80.48294067,Eastern
JEA,JEA,30.27865219,-81.68048859,Eastern
NSB,Utilities Commission of New Smyrna Beach,37.62242126,-88.87232971,Eastern
SEC,Seminole Electric Cooperative,28.63023758,-82.38019562,Eastern
TAL,City of Tallahassee,30.33433533,-84.27900696,Eastern
TEC,Tampa Electric Company,27.57313347,-82.36196136,Eastern
AVA,Avista Corporation,47.43280792,-117.3230133,Pacific
BPAT,Bonneville Power Administration,44.91390991,-119.6710739,Pacific
CHPD,Public Utility District No. 1 of Chelan County,48.56906891,-120.6188583,Pacific
GRID,"Gridforce Energy Management, LLC",37.76968384,-109.0538788,Pacific
DOPD,PUD No. 1 of Douglas County,48.23527908,-119.2522049,Pacific
GCPD,"Public Utility District No. 2 of Grant County, Washington",46.77996063,-118.5962982,Pacific
GWA,"NaturEner Power Watch, LLC",48.53040314,-113.1622315,Mountain
IPCO,Idaho Power Company,43.54345703,-114.7711334,Pacific
NEVP,Nevada Power Company,39.23219681,-116.5975876,Pacific
NWMT,NorthWestern Corporation,46.45143509,-110.2477875,Mountain
PACE,PacifiCorp East,41.03920364,-110.1797104,Mountain
PACW,PacifiCorp West,43.43534088,-121.4060822,Pacific
PGE,Portland General Electric Company,44.86293793,-123.0159836,Pacific
PSCO,Public Service Company of Colorado,38.0725975,-104.2990875,Mountain
PSEI,"Puget Sound Energy, Inc.",47.31457138,-121.4242935,Pacific
SCL,Seattle City Light,47.82183456,-123.0234833,Pacific
TPWR,"City of Tacoma, Department of Public Utilities, Light Division",46.52420425,-122.5673447,Pacific
WACM,Western Area Power Administration - Rocky Mountain Region,40.36133194,-104.9736633,Arizona
WAUW,Western Area Power Administration - Upper Great Plains West,48.10623932,-107.6834412,Mountain
WWA,"NaturEner Wind Watch, LLC",48.82027817,-111.1033325,Mountain
AVRN,"Avangrid Renewables, LLC",45.67416382,-120.4018478,Pacific
AZPS,Arizona Public Service Company,34.61159515,-111.7144699,Arizona
DEAA,"Arlington Valley, LLC",33.34149933,-113.1886368,Arizona
EPE,El Paso Electric Company,32.14974594,-106.0786285,Arizona
GRIF,"Griffith Energy, LLC",35.05376434,-114.133316,Arizona
GRMA,"Gila River Power, LLC",37.62242126,-88.87232971,Arizona
HGMA,"New Harquahala Generating Company, LLC",33.77557373,-113.9932251,Arizona
PNM,Public Service Company of New Mexico,34.69838333,-106.6029587,Arizona
SRP,Salt River Project Agricultural Improvement and Power District,33.47737885,-111.5048065,Arizona
TEPC,Tucson Electric Power,31.87257576,-110.175354,Arizona
WALC,Western Area Power Administration - Desert Southwest Region,35.98291016,-114.0049896,Arizona
OVEC,Ohio Valley Electric Corporation,38.83420181,-83.7798996,Eastern
PJM,"PJM Interconnection, LLC",39.39215088,-80.52225494,Eastern
CPLE,Duke Energy Progress East,35.14484787,-77.5001297,Eastern
CPLW,Duke Energy Progress West,35.567379,-82.39803314,Eastern
DUK,Duke Energy Carolinas,35.24423218,-81.00233459,Eastern
SC,South Carolina Public Service Authority,33.90053558,-79.76675415,Eastern
SCEG,"Dominion Energy South Carolina, Inc.",32.83636475,-81.0131073,Eastern
YAD,"Alcoa Power Generating, Inc. - Yadkin Division",36.05147171,-79.19161987,Eastern
AEC,PowerSouth Energy Cooperative,31.45311356,-87.67082214,Central
SEPA,Southeastern Power Administration,33.9638443,-82.44128418,Central
SOCO,"Southern Company Services, Inc. - Trans",32.33567047,-85.28025055,Central
BCHA,British Columbia Hydro and Power Authority,50.35107803,-121.2885056,Pacific
AESO,Alberta Electric System Operator,50.34954453,-112.1499023,Mountain
MHEB,Manitoba Hydro,50.35107803,-96.23841858,Central
NBSO,New Brunswick System Operator,47.7022171,-67.08541107,Eastern
IESO,Ontario IESO,45.72343826,-80.14653778,Eastern
SPC,Saskatchewan Power Corporation,50.30347443,-105.2224503,Central
HQT,Hydro-Quebec TransEnergie,47.01789856,-75.60040283,Eastern
CEN,Centro Nacional de Control de Energia,26.80117607,-102.7116089,Central
CFE,Comision Federal de Electricidad,26.80117607,-102.7116089,Central
ISNE,ISO New England,44.05602264,-70.91548157,Eastern
NYIS,New York Independent System Operator,42.95243073,-75.51721954,Eastern
TVA,Tennessee Valley Authority,35.35341644,-86.71903229,Central
ERCO,"Electric Reliability Council of Texas, Inc.",30.89582062,-99.3250885,Central
